2001,Murrigans, Albrecht,amurrigans0@a8.net,238.100.77.207
2003,Alflatt, Cathyleen,calflatt2@blogs.com,174.73.180.49
2005,De Gregoli, Michaella,mdegregoli4@usgs.gov,192.177.30.240
2007,Folca, Normy,nfolca6@apple.com,216.199.94.184
2009,Borgars, Evelina,eborgars8@yandex.ru,83.239.44.198
2011,Kearns, Mace,mkearnsa@google.co.uk,27.204.205.249
2013,McGuff, Stacie,smcguffc@reddit.com,141.255.170.219
2015,Cabell, Othella,ocabelle@upenn.edu,240.58.172.207
2017,Jump, Cindi,cjumpg@phpbb.com,92.148.248.190
2019,Meeny, Gloriana,gmeenyi@hc360.com,148.182.34.33
2021,Ackerman, Lennard,lackermank@discuz.net,193.10.40.4
2023,Foucher, Noemi,nfoucherm@tinyurl.com,120.165.219.232
2025,Edelmann, Violante,vedelmanno@flavors.me,200.14.113.182
2027,Klas, Connie,cklasq@ezinearticles.com,112.86.40.168
2029,Roly, Anetta,arolys@cdbaby.com,153.96.238.196
2033,Strettle, Clare,cstrettlew@earthlink.net,13.75.104.237
2035,Lantoph, Gaspard,glantophy@dmoz.org,134.220.192.142
2039,Kilsby, Llewellyn,lkilsby12@cam.ac.uk,27.104.155.104
2041,Tammadge, Rice,rtammadge14@un.org,7.62.234.174
2043,Santhouse, Martyn,msanthouse16@ow.ly,51.191.107.62
2045,Mackro, Brianne,bmackro18@surveymonkey.com,150.50.109.31
2047,Linskill, Nona,nlinskill1a@unc.edu,253.238.209.204
2051,Oliveti, Monti,moliveti1e@ed.gov,217.212.191.187
2053,Gipps, Sheppard,sgipps1g@unblog.fr,223.235.121.108
2057,Tilt, Reinwald,rtilt1k@naver.com,214.119.22.196
2059,Durn, Kristen,kdurn1m@google.nl,209.236.203.22
2065,Pettegre, Jeth,jpettegre1s@bbc.co.uk,202.40.134.1
2069,Coplestone, Nydia,ncoplestone1w@newyorker.com,138.3.165.111
2071,Holtum, Avie,aholtum1y@example.com,104.75.185.38
2073,Corradini, Peri,pcorradini20@dyndns.org,215.221.119.218
2075,Veeler, Anderson,aveeler22@fema.gov,94.136.159.159
2079,Chessill, Hillary,hchessill26@columbia.edu,111.8.155.61
2081,Sjostrom, Tess,tsjostrom28@google.nl,96.162.141.0
2083,Birtles, Dougie,dbirtles2a@about.me,123.60.228.212
2085,McBain, Forrester,fmcbain2c@spiegel.de,131.173.111.14
2087,Imorts, Ellsworth,eimorts2e@blog.com,102.82.94.119
2089,Roset, Jennette,jroset2g@prweb.com,110.200.168.14
2091,Barkus, Sebastian,sbarkus2i@usatoday.com,137.127.123.229
2093,De Cruz, Tamera,tdecruz2k@blogs.com,89.146.126.254
2095,Odcroft, Rhoda,rodcroft2m@comsenz.com,220.232.197.3
2097,Riddles, Rozalin,rriddles2o@infoseek.co.jp,57.39.147.42
2099,McAvaddy, Livia,lmcavaddy2q@cyberchimps.com,53.38.76.141
2101,Trengove, Edna,etrengove2s@nymag.com,159.88.74.138
2103,Hughland, Lyndy,lhughland2u@storify.com,239.53.7.49
2107,Bartosch, Bealle,bbartosch2y@wordpress.org,209.57.254.248
2109,Spataro, Blinny,bspataro30@army.mil,48.115.223.167
2111,Warrillow, Maurine,mwarrillow32@51.la,147.85.83.160
2113,Schutter, Cassie,cschutter34@bloglovin.com,21.202.174.11
2115,Strank, Cicely,cstrank36@hatena.ne.jp,241.191.54.4
2117,Coady, Davine,dcoady38@ft.com,219.103.192.126
2119,Meriton, Florrie,fmeriton3a@histats.com,197.11.152.178
2121,Roggers, Ganny,groggers3c@pcworld.com,118.47.244.93
2123,Kenton, Gwenore,gkenton3e@ft.com,228.224.189.144
2125,Huguenet, Riannon,rhuguenet3g@rambler.ru,42.236.102.198
2127,Burgan, Dedie,dburgan3i@businessinsider.com,94.97.126.26
2129,Maier, Shannen,smaier3k@answers.com,180.142.207.80
2131,Eadie, Addy,aeadie3m@umn.edu,40.217.252.104
2133,Soars, Paola,psoars3o@e-recht24.de,73.136.192.229
2135,Job, Skipp,sjob3q@rediff.com,163.255.197.128
2137,Zavattero, Evan,ezavattero3s@yahoo.com,199.27.183.169
2139,Rodriguez, Torrey,trodriguez3u@sphinn.com,213.211.59.38
2141,Cotterell, Petunia,pcotterell3w@opensource.org,126.51.202.143
2143,Ends, Romain,rends3y@cmu.edu,96.149.247.61
2147,McMurdo, Meredeth,mmcmurdo42@abc.net.au,114.173.233.210
2149,Penson, Suzanna,spenson44@godaddy.com,108.238.223.254
2153,Clift, Hyacinth,hclift48@redcross.org,191.177.11.43
2155,Ride, Domini,dride4a@soundcloud.com,105.245.167.2
2157,Louder, Alvin,alouder4c@w3.org,254.183.58.81
2159,Denyukhin, Lenora,ldenyukhin4e@blogtalkradio.com,194.8.85.56
2161,Kirtland, Tait,tkirtland4g@europa.eu,7.119.220.21
2163,Dahmke, Kristoforo,kdahmke4i@livejournal.com,124.136.189.70
2165,Scoffins, Blanche,bscoffins4k@tamu.edu,188.178.32.79
2167,Durtnal, Rolfe,rdurtnal4m@github.com,57.59.158.101
2169,Scholar, Yorgo,yscholar4o@businesswire.com,254.225.25.6
2171,McNickle, Wynn,wmcnickle4q@mail.ru,119.145.186.143
2173,Kiffin, Ravi,rkiffin4s@phoca.cz,150.236.112.226
2175,Swaddle, Stormy,sswaddle4u@csmonitor.com,103.103.105.242
2177,Anetts, Wilhelmina,wanetts4w@issuu.com,164.218.146.121
2179,Makepeace, Lovell,lmakepeace4y@flickr.com,172.178.240.38
2181,Enoksson, Simona,senoksson50@about.me,97.240.199.248
2183,Featherstonhalgh, Marion,mfeatherstonhalgh52@reference.com,132.105.185.13
2187,Scain, Taite,tscain56@unc.edu,47.169.177.92
2189,Joire, Sadella,sjoire58@statcounter.com,78.199.147.73
2191,Itzcak, Elvera,eitzcak5a@naver.com,135.126.47.116
2193,Dundin, Clay,cdundin5c@hc360.com,171.189.115.62
2195,Kingsman, Roz,rkingsman5e@illinois.edu,150.47.21.178
2197,Guirau, Jesse,jguirau5g@howstuffworks.com,72.68.91.114
2199,Timlin, Clarabelle,ctimlin5i@cafepress.com,15.91.123.242
2201,De Pero, Maris,mdepero5k@cafepress.com,87.134.230.65
2203,Aldington, Ameline,aaldington5m@google.fr,227.128.205.76
2205,Bannard, Kath,kbannard5o@topsy.com,20.210.23.84
2207,Rutley, Nan,nrutley5q@princeton.edu,192.64.19.85
2209,Meeson, Ancell,ameeson5s@slate.com,121.114.203.6
2211,Tukesby, Muriel,mtukesby5u@tmall.com,200.72.13.246
2213,Rojel, Hort,hrojel5w@hhs.gov,45.92.214.21
2215,Scandroot, Rouvin,rscandroot5y@howstuffworks.com,53.81.46.103
2217,Duffet, Laughton,lduffet60@answers.com,175.250.154.79
2219,Pudney, Al,apudney62@upenn.edu,196.185.111.188
2221,Ciccone, Francklin,fciccone64@slate.com,111.55.162.62
2223,Holdren, Barbie,bholdren66@arstechnica.com,37.22.109.159
2225,O'Neal, Auguste,aoneal68@reuters.com,184.36.226.223
2227,Pybus, Reena,rpybus6a@instagram.com,44.133.172.210
2229,Ulyat, Laina,lulyat6c@yandex.ru,76.205.113.1
2231,Blazic, Lynelle,lblazic6e@netvibes.com,3.243.219.87
2233,MacAne, Neilla,nmacane6g@wikipedia.org,134.64.196.1
2235,Beavington, Paulita,pbeavington6i@foxnews.com,1.23.99.233
2237,Maypole, Blondy,bmaypole6k@google.ca,88.170.116.157
2241,Sabates, Sylas,ssabates6o@yellowbook.com,10.246.211.98
2243,Ashley, Laurice,lashley6q@hubpages.com,132.14.207.9
2245,Delete, Ripley,rdelete6s@ocn.ne.jp,236.14.181.9
2249,Keogh, Kilian,kkeogh6w@mediafire.com,115.47.157.247
2251,Ashlee, Sammy,sashlee6y@cdc.gov,32.92.243.66
2253,Farny, Lulu,lfarny70@google.co.uk,9.33.143.196
2255,Redholls, Casi,credholls72@cpanel.net,61.22.209.93
2257,Mityushkin, Nariko,nmityushkin74@ibm.com,199.253.123.183
2259,Carbin, Beilul,bcarbin76@rambler.ru,183.155.121.230
2261,Anneslie, Clerc,canneslie78@bbc.co.uk,227.108.104.140
2263,McAlpin, Daile,dmcalpin7a@yellowbook.com,25.74.237.129
2265,Pyrah, Steve,spyrah7c@soup.io,125.190.90.191
2267,Chappell, Sherwood,schappell7e@sphinn.com,68.13.249.244
2269,Caldeyroux, Jocelin,jcaldeyroux7g@histats.com,210.30.25.17
2271,Fronsek, Wendeline,wfronsek7i@tiny.cc,141.133.202.10
2273,Aspall, Rickert,raspall7k@joomla.org,218.211.166.246
2275,Hebbes, Sari,shebbes7m@wordpress.com,50.244.35.49
2277,Seaman, Addi,aseaman7o@spiegel.de,23.178.236.136
2279,Chittleburgh, Lonnie,lchittleburgh7q@joomla.org,68.98.162.125
2281,Adamik, Selestina,sadamik7s@g.co,210.195.210.203
2283,Jarret, Halette,hjarret7u@epa.gov,88.131.90.159
2285,Ely, Doretta,dely7w@creativecommons.org,148.180.186.33
2287,Renouf, Pru,prenouf7y@fastcompany.com,29.10.42.103
2289,Bechley, Aldwin,abechley80@independent.co.uk,95.231.78.1
2293,Courtes, Mikel,mcourtes84@cisco.com,25.83.145.79
2295,Heindle, Myer,mheindle86@tamu.edu,76.200.60.133
2297,Farny, Melly,mfarny88@booking.com,98.72.205.70
2299,Lackemann, Marcela,mlackemann8a@edublogs.org,24.21.96.56
2301,Titchener, Alexine,atitchener8c@about.com,0.152.133.99
2303,Pautard, Eustace,epautard8e@amazonaws.com,217.254.21.140
2305,Lindenberg, Xenia,xlindenberg8g@techcrunch.com,126.24.136.126
2309,MacMenamie, Rakel,rmacmenamie8k@earthlink.net,218.2.217.84
2311,Trewhela, Dorris,dtrewhela8m@list-manage.com,77.213.58.89
2313,Jump, Magnum,mjump8o@dot.gov,31.82.214.203
2315,Bergstram, Howard,hbergstram8q@macromedia.com,67.194.238.0
2317,Missington, Hanna,hmissington8s@youku.com,143.60.208.200
2319,Whiteson, Iggie,iwhiteson8u@wired.com,140.30.252.180
2321,Sitwell, Marsh,msitwell8w@deviantart.com,152.65.89.45
2323,Skirvane, Alina,askirvane8y@nydailynews.com,220.86.112.30
2325,Heberden, Dominick,dheberden90@wikimedia.org,70.104.73.11
2329,Broughton, Johnnie,jbroughton94@ask.com,100.179.183.73
2331,Rehor, Lon,lrehor96@istockphoto.com,228.32.22.236
2333,Airdrie, Lyndsay,lairdrie98@sfgate.com,120.139.23.12
2337,O'Kelly, Drusy,dokelly9c@sciencedaily.com,148.26.38.102
2339,Sein, Jamesy,jsein9e@addtoany.com,229.56.55.17
2341,Dudmesh, Bobinette,bdudmesh9g@joomla.org,211.78.214.10
2343,Spitaro, Darin,dspitaro9i@instagram.com,228.214.42.156
2345,Kencott, Charmion,ckencott9k@issuu.com,121.42.125.229
2347,Bradberry, Eunice,ebradberry9m@senate.gov,28.85.192.102
2349,Boyat, Kip,kboyat9o@dion.ne.jp,80.170.140.63
2351,Jovanovic, Amberly,ajovanovic9q@sciencedaily.com,3.51.28.11
2353,Wallbrook, Genevra,gwallbrook9s@tumblr.com,179.144.41.21
2355,Ace, Renee,race9u@paginegialle.it,70.96.124.219
2357,Frosdick, Will,wfrosdick9w@sciencedirect.com,135.70.33.194
2359,Robbie, Larry,lrobbie9y@weibo.com,200.45.135.107
2361,Comben, Collette,ccombena0@freewebs.com,238.73.166.1
2363,Lowensohn, Tallia,tlowensohna2@ameblo.jp,123.127.132.133
2365,Bennetts, Laureen,lbennettsa4@google.it,46.239.43.85
2367,Foreman, Ingaberg,iforemana6@si.edu,76.132.46.176
2369,Mallalieu, Liza,lmallalieua8@gravatar.com,26.93.55.78
2373,Siely, Bethina,bsielyac@tripadvisor.com,77.223.217.31
2375,Bohlens, Cos,cbohlensae@ameblo.jp,241.245.165.87
2377,Whitehurst, Cody,cwhitehurstag@archive.org,225.130.188.218
2379,Byart, Michal,mbyartai@economist.com,143.60.95.125
2381,Kertess, Reiko,rkertessak@sbwire.com,38.191.47.9
2383,Hazelton, Kathye,khazeltonam@gravatar.com,167.11.73.99
2385,Eadmeades, Layla,leadmeadesao@sakura.ne.jp,1.228.107.182
2387,Foystone, Cody,cfoystoneaq@ebay.com,135.44.242.39
2389,Mercy, Sam,smercyas@weather.com,74.23.11.16
2391,Maldin, Horatia,hmaldinau@last.fm,45.226.192.98
2393,Gumbley, Marika,mgumbleyaw@wisc.edu,235.190.4.4
2395,Bilbey, Cyrill,cbilbeyay@ebay.com,159.110.160.122
2397,Marrow, Herc,hmarrowb0@freewebs.com,65.182.2.13
2399,Angove, Colin,cangoveb2@is.gd,163.217.124.182
2401,Degg, Betta,bdeggb4@newyorker.com,233.177.234.97
2403,Skippings, Otis,oskippingsb6@msn.com,122.169.193.170
2405,Hunston, Cori,chunstonb8@engadget.com,111.74.41.6
2407,Hessenthaler, Elyn,ehessenthalerba@ted.com,18.27.129.72
2409,Sackett, Brinn,bsackettbc@taobao.com,222.202.224.219
2413,Pawelek, Koralle,kpawelekbg@kickstarter.com,227.126.62.227
2415,Snashall, Elianore,esnashallbi@eventbrite.com,95.108.6.38
2417,Barzen, Rudie,rbarzenbk@patch.com,120.4.102.159
2419,O'Fallone, Kellie,kofallonebm@uol.com.br,45.189.77.148
2421,Curnow, Anna-diane,acurnowbo@imgur.com,254.211.166.204
2423,MacFadyen, Kelcy,kmacfadyenbq@mapquest.com,239.235.92.87
2425,Verissimo, Nikolas,nverissimobs@mapy.cz,215.187.148.37
2427,Mease, Gianni,gmeasebu@berkeley.edu,25.119.141.229
2429,Haste, Ava,ahastebw@feedburner.com,155.32.87.153
2431,Georgins, Hyatt,hgeorginsby@hatena.ne.jp,244.109.1.189
2433,Fullman, Cassie,cfullmanc0@linkedin.com,124.162.97.166
2437,Bonnavant, Mella,mbonnavantc4@drupal.org,39.49.4.191
2441,Sprake, Tomlin,tsprakec8@google.ca,134.180.245.157
2443,Bowlands, Corey,cbowlandsca@independent.co.uk,67.81.143.100
2445,Amoore, Christian,camoorecc@usnews.com,167.158.240.135
2447,Reuben, Mellie,mreubence@psu.edu,5.180.68.82
2449,Livett, Julia,jlivettcg@marketwatch.com,37.45.47.149
2451,Kleehuhler, Shelley,skleehuhlerci@etsy.com,11.199.8.140
2453,Janaud, Wilhelmine,wjanaudck@comcast.net,67.210.187.88
2455,Goldring, Erika,egoldringcm@typepad.com,88.45.212.192
2457,Fidgett, Giulio,gfidgettco@dmoz.org,69.0.49.208
2459,McCoish, Kikelia,kmccoishcq@multiply.com,13.209.126.74
2461,Cockley, Silva,scockleycs@mail.ru,78.104.231.118
2463,Dongall, Kiele,kdongallcu@mayoclinic.com,64.183.148.167
2465,Janeczek, Jermain,jjaneczekcw@bloglovin.com,60.150.11.67
2467,Nettles, Omar,onettlescy@hud.gov,196.183.219.171
2469,Farherty, Ariel,afarhertyd0@boston.com,100.93.25.247
2471,Stitch, Ginnie,gstitchd2@ezinearticles.com,2.240.93.120
2473,Lillicrap, Lamont,llillicrapd4@earthlink.net,80.10.14.154
2475,Barz, Ag,abarzd6@mashable.com,179.136.186.176
2477,Sonner, Patrizia,psonnerd8@nytimes.com,128.248.77.175
2479,O'Daly, Carmelle,codalyda@mashable.com,16.213.155.226
2481,Wheelhouse, Teddi,twheelhousedc@cornell.edu,252.227.120.114
2483,Venditto, Maximilianus,mvendittode@techcrunch.com,57.226.163.120
2485,Farland, Merrick,mfarlanddg@skype.com,146.132.147.230
2487,Verrick, Moore,mverrickdi@cyberchimps.com,215.55.129.255
2489,Madgin, Raviv,rmadgindk@tumblr.com,98.88.144.88
2491,Mordacai, Kelley,kmordacaidm@examiner.com,162.3.203.203
2493,Elener, Bogart,belenerdo@sogou.com,251.12.79.35
2495,McCathy, Constantino,cmccathydq@addthis.com,35.159.33.147
2499,Cosker, Amanda,acoskerdu@xing.com,232.47.217.114
2503,Kibblewhite, Giovanni,gkibblewhitedy@dell.com,97.53.247.38
2505,Scrimshire, Alvina,ascrimshiree0@cisco.com,255.218.126.15
2507,Clampton, Nikos,nclamptone2@buzzfeed.com,215.24.177.37
2509,Kippax, Shari,skippaxe4@forbes.com,16.123.98.52
2511,Eastman, Cull,ceastmane6@is.gd,39.154.167.115
2513,Coult, Denny,dcoulte8@webmd.com,156.212.121.241
2515,Nicklinson, Massimiliano,mnicklinsonea@cargocollective.com,235.147.47.65
2517,Vesco, Wilmer,wvescoec@typepad.com,255.15.16.110
2519,Izkovicz, Francis,fizkoviczee@si.edu,57.84.251.15
2523,Coursor, Gratia,gcoursorei@cbslocal.com,191.133.194.229
2525,Adicot, Tawsha,tadicotek@youtu.be,186.10.48.66
2527,Chaplyn, Annabella,achaplynem@state.gov,164.250.174.10
2529,Ingram, Hilarius,hingrameo@adobe.com,249.254.247.35
2533,Lassen, Hercule,hlassenes@europa.eu,248.45.18.178
2535,Filliskirk, Georgette,gfilliskirkeu@whitehouse.gov,129.111.242.215
2537,Biskup, Korey,kbiskupew@latimes.com,236.39.8.1
2539,McInerney, Thor,tmcinerneyey@wordpress.org,107.165.116.94
2541,Cisar, Cori,ccisarf0@cargocollective.com,41.92.192.251
2543,Pidgeon, Nevile,npidgeonf2@sitemeter.com,234.63.82.144
2545,O' Molan, Jarrid,jomolanf4@bloomberg.com,77.105.5.124
2547,Scourfield, Yurik,yscourfieldf6@loc.gov,115.74.251.150
2549,Halliburton, Frederich,fhalliburtonf8@state.tx.us,112.140.101.185
2551,Dudhill, Elnora,edudhillfa@barnesandnoble.com,21.42.146.139
2553,Antalffy, Celia,cantalffyfc@xinhuanet.com,107.18.145.6
2557,Blinde, Meris,mblindefg@imgur.com,43.77.0.109
2559,Laverenz, Theodor,tlaverenzfi@is.gd,166.251.227.39
2561,Fishleigh, Robena,rfishleighfk@elegantthemes.com,146.210.241.107
2563,Icke, Arabella,aickefm@rakuten.co.jp,129.145.136.137
2565,Amesbury, Diahann,damesburyfo@artisteer.com,57.198.83.141
2567,Kilkenny, Shirlee,skilkennyfq@ucsd.edu,60.71.24.204
2569,Kilbee, Noby,nkilbeefs@geocities.jp,128.108.112.109
2571,Wimsett, Isidro,iwimsettfu@yolasite.com,225.203.240.117
2573,Ashpital, Ely,eashpitalfw@telegraph.co.uk,232.160.236.103
2575,Reckhouse, Bertrando,breckhousefy@homestead.com,98.89.173.108
2577,Tourmell, Nial,ntourmellg0@zdnet.com,255.61.225.227
2581,Kryszka, Alvis,akryszkag4@jimdo.com,231.30.112.220
2583,Yakhin, Tania,tyakhing6@bizjournals.com,5.216.178.64
2585,Sollars, Ximenes,xsollarsg8@eepurl.com,31.215.20.40
2589,Bonsale, Gallagher,gbonsalegc@kickstarter.com,89.70.45.112
2591,Dilger, Madison,mdilgerge@printfriendly.com,59.48.63.90
2593,Bare, Lyndel,lbaregg@cnet.com,3.24.176.150
2597,Lewing, Ailina,alewinggk@cam.ac.uk,74.68.136.128
2599,Boice, Verla,vboicegm@booking.com,169.74.187.251
2601,Brevetor, Zahara,zbrevetorgo@google.co.jp,35.13.35.98
2605,Caws, Reagen,rcawsgs@yellowbook.com,184.180.29.25
2611,Chatel, Alexander,achatelgy@people.com.cn,91.40.81.74
2613,De Michetti, Jareb,jdemichettih0@ehow.com,129.127.178.96
2615,Strognell, Matthiew,mstrognellh2@w3.org,93.51.101.153
2617,Garfath, Karlen,kgarfathh4@blinklist.com,254.97.165.224
2619,Dennerley, Vivia,vdennerleyh6@mapquest.com,70.213.184.238
2621,Mears, Dacie,dmearsh8@discuz.net,221.73.187.47
2623,Plank, Carma,cplankha@upenn.edu,108.106.221.169
2625,Brattell, Dickie,dbrattellhc@pinterest.com,89.207.36.63
2627,Petto, Shane,spettohe@squarespace.com,52.22.180.120
2629,Bernard, Kellyann,kbernardhg@opensource.org,88.200.157.98
2631,Bath, Wain,wbathhi@wordpress.com,198.3.141.230
2635,Molesworth, Halie,hmolesworthhm@lycos.com,89.108.220.52
2639,Turland, Korie,kturlandhq@nhs.uk,7.207.61.182
2641,Brumham, Celestyna,cbrumhamhs@icq.com,167.68.155.250
2643,Baudone, Tedd,tbaudonehu@hubpages.com,175.171.147.12
2645,Hyndley, Gordon,ghyndleyhw@phpbb.com,234.236.190.134
2647,MacSharry, Quill,qmacsharryhy@uol.com.br,225.94.241.176
2649,Bille, Carola,cbillei0@reference.com,72.176.76.182
2653,Giocannoni, Marybeth,mgiocannonii4@google.ru,32.172.189.41
2655,Rawcliffe, Alick,arawcliffei6@google.ru,219.218.31.10
2659,Jellings, Bernadette,bjellingsia@hp.com,118.0.190.115
2661,Schwant, Gothart,gschwantic@springer.com,82.51.130.131
2663,Bagwell, Sella,sbagwellie@dyndns.org,175.235.177.215
2665,Louys, Lamond,llouysig@reference.com,152.113.49.91
2667,Aguirrezabala, Ronny,raguirrezabalaii@chron.com,124.13.157.230
2669,Elion, Sergeant,selionik@spotify.com,56.75.219.253
2673,Culverhouse, Marquita,mculverhouseio@phpbb.com,76.184.198.91
2675,Swindles, Emelia,eswindlesiq@nasa.gov,4.193.44.163
2677,Heckner, Major,mheckneris@sphinn.com,1.12.152.137
2679,Tawse, Christiana,ctawseiu@delicious.com,37.161.137.113
2681,Works, Amelina,aworksiw@cargocollective.com,49.159.249.6
2683,Reede, Jeralee,jreedeiy@feedburner.com,172.24.159.222
2685,Corradini, Rad,rcorradinij0@nymag.com,42.110.209.196
2687,Riddell, Art,ariddellj2@patch.com,106.34.100.204
2689,Wyvill, Brennan,bwyvillj4@google.fr,18.124.132.1
2691,Axleby, Jozef,jaxlebyj6@gmpg.org,204.38.229.29
2693,Mahomet, Noel,nmahometj8@jigsy.com,159.6.208.88
2695,Crannage, Laina,lcrannageja@whitehouse.gov,146.98.128.140
2697,Jimenez, Eva,ejimenezjc@ftc.gov,183.81.219.42
2699,O'Cullen, Edgard,eocullenje@yolasite.com,139.97.124.178
2701,Wager, Noble,nwagerjg@youku.com,220.130.225.148
2703,Dayce, Bess,bdayceji@blogs.com,55.16.28.194
2705,Tankard, Corey,ctankardjk@eventbrite.com,119.226.189.80
2709,Avramovsky, Dianna,davramovskyjo@shutterfly.com,222.9.70.136
2711,Woodberry, Jonell,jwoodberryjq@myspace.com,233.208.166.195
2713,Fullicks, Tom,tfullicksjs@nba.com,83.8.138.200
2715,Dysert, Caressa,cdysertju@time.com,85.223.251.104
2717,L'Episcopi, Hanni,hlepiscopijw@chron.com,101.229.52.186
2719,Tuck, Tamiko,ttuckjy@dyndns.org,29.192.68.198
2721,Maud, Fina,fmaudk0@addthis.com,123.39.82.242
2723,Uff, Sanson,suffk2@skype.com,198.220.40.36
2725,Gellan, Melvin,mgellank4@gmpg.org,69.231.110.195
2727,Lockey, Filippa,flockeyk6@about.me,9.157.136.211
2729,Cartmel, Rik,rcartmelk8@netvibes.com,103.88.21.214
2731,Jerrems, Boris,bjerremska@toplist.cz,2.60.142.126
2733,Cawsy, Gerri,gcawsykc@yandex.ru,84.199.241.243
2737,Ricciardiello, Talbert,tricciardiellokg@mozilla.org,178.225.87.46
2739,Prettejohns, Jayne,jprettejohnski@zdnet.com,229.229.151.72
2741,Suller, Ava,asullerkk@dailymotion.com,44.104.55.152
2743,Romney, Alane,aromneykm@netlog.com,155.20.193.216
2745,Heam, Duky,dheamko@japanpost.jp,150.2.53.170
2747,Sabathier, Ephrem,esabathierkq@sitemeter.com,10.166.241.170
2749,Crosby, Eduard,ecrosbyks@loc.gov,0.35.192.252
2751,Bartolomeoni, Jesselyn,jbartolomeoniku@nyu.edu,12.82.198.10
2755,Arnholz, Lind,larnholzky@va.gov,191.81.181.234
2759,Gebb, Dotti,dgebbl2@narod.ru,42.35.147.38
2763,Pena, Kori,kpenal6@yandex.ru,26.9.191.230
2767,Luthwood, Candida,cluthwoodla@google.nl,177.219.86.24
2769,Curnnok, Doloritas,dcurnnoklc@netscape.com,138.28.53.17
2771,Leahey, Milena,mleaheyle@admin.ch,47.202.71.77
2773,Tomaselli, Garfield,gtomasellilg@omniture.com,244.43.201.171
2775,Friedman, Hunter,hfriedmanli@usa.gov,207.33.41.167
2777,Brinkman, Niki,nbrinkmanlk@altervista.org,248.167.104.121
2779,Burgen, Ronny,rburgenlm@free.fr,41.122.157.237
2781,Alfwy, Moria,malfwylo@elegantthemes.com,0.80.27.69
2783,Clohessy, Tania,tclohessylq@addthis.com,148.41.209.249
2787,Follett, Justus,jfollettlu@yale.edu,136.190.43.162
2789,De Roeck, Elisa,ederoecklw@elegantthemes.com,87.70.77.185
2791,Stealey, Vic,vstealeyly@ted.com,191.252.59.211
2793,Instrell, Galina,ginstrellm0@unblog.fr,116.163.13.15
2795,Grassin, Modestia,mgrassinm2@uol.com.br,146.20.54.145
2797,Spaxman, Wileen,wspaxmanm4@walmart.com,246.68.66.200
2799,Paulitschke, Bendite,bpaulitschkem6@flickr.com,189.23.166.245
2801,Huban, Holden,hhubanm8@ucla.edu,194.68.115.178
2803,Worsley, Elston,eworsleyma@accuweather.com,100.201.193.28
2809,Blackater, Pamelina,pblackatermg@hexun.com,90.64.235.103
2811,Dawidowitz, Tally,tdawidowitzmi@tamu.edu,166.152.32.123
2813,Setford, Olympe,osetfordmk@kickstarter.com,121.46.156.132
2815,Cluely, Eleen,ecluelymm@nytimes.com,81.99.149.46
2817,Perllman, Christiana,cperllmanmo@tuttocitta.it,19.187.138.206
2819,Jarvie, Smith,sjarviemq@yale.edu,148.17.49.129
2821,Halburton, Katharyn,khalburtonms@harvard.edu,173.209.135.97
2823,Oake, Veda,voakemu@weather.com,128.154.111.146
2827,Arsnell, Anjanette,aarsnellmy@microsoft.com,17.229.125.2
2829,Borgnol, Garald,gborgnoln0@mtv.com,207.166.23.139
2831,Garrick, Adrianna,agarrickn2@yale.edu,224.243.216.245
2835,Haxbie, Yvonne,yhaxbien6@wiley.com,230.185.132.111
2837,Killoran, Brantley,bkillorann8@1und1.de,125.33.198.233
2839,Dawtre, Jozef,jdawtrena@github.com,135.151.213.250
2841,Flores, Krystyna,kfloresnc@youku.com,141.164.145.154
2843,Sugars, Jourdan,jsugarsne@nasa.gov,84.184.206.213
2845,Vinau, Emmott,evinaung@mapquest.com,198.241.30.168
2851,Dowry, Elna,edowrynm@google.ru,76.8.90.11
2853,Ivashnikov, Nelie,nivashnikovno@stumbleupon.com,135.247.182.55
2855,Chamney, Hanna,hchamneynq@booking.com,194.81.248.123
2859,Hague, Esdras,ehaguenu@sina.com.cn,59.232.76.13
2861,Gohier, Homere,hgohiernw@smugmug.com,45.189.199.60
2863,Westmoreland, Vanya,vwestmorelandny@t.co,201.183.233.34
2867,Outram, Alisun,aoutramo2@linkedin.com,45.184.35.222
2869,Drinkel, Von,vdrinkelo4@ebay.com,100.169.109.25
2871,Rickeard, Ramsey,rrickeardo6@nps.gov,71.62.155.116
2873,Fury, Sheena,sfuryo8@nationalgeographic.com,179.100.70.60
2875,Cheake, Marjie,mcheakeoa@goo.ne.jp,230.39.229.120
2877,Brinkman, Emmit,ebrinkmanoc@freewebs.com,209.109.228.46
2879,Palfreman, Juline,jpalfremanoe@digg.com,11.65.87.131
2881,Dowdall, Benedicta,bdowdallog@wunderground.com,126.76.227.196
2883,Pressnell, Margy,mpressnelloi@facebook.com,148.139.145.169
2885,Dowderswell, Tonya,tdowderswellok@alibaba.com,191.49.92.183
2887,Clapham, Damien,dclaphamom@abc.net.au,45.140.189.202
2889,Gossop, Pattie,pgossopoo@skyrock.com,19.212.51.77
2891,Turford, Hashim,hturfordoq@over-blog.com,39.22.247.177
2893,Sonschein, Wilton,wsonscheinos@usda.gov,188.88.188.162
2895,Osichev, Prescott,posichevou@thetimes.co.uk,93.155.26.90
2897,D'Hooge, Sigrid,sdhoogeow@hud.gov,66.211.36.177
2901,Toolan, Blisse,btoolanp0@zimbio.com,42.73.132.250
2903,Minshaw, Roxane,rminshawp2@mapy.cz,214.148.198.148
2915,Mattheissen, Locke,lmattheissenpe@buzzfeed.com,46.19.63.152
2917,Weinham, Uriel,uweinhampg@blog.com,45.60.188.217
2919,Blaze, Aurlie,ablazepi@alibaba.com,29.142.3.32
2921,Mundford, Erina,emundfordpk@jalbum.net,70.161.210.199
2925,Flobert, Janenna,jflobertpo@howstuffworks.com,95.77.52.10
2927,Beardsall, My,mbeardsallpq@wordpress.com,162.223.237.84
2929,Scaddon, Gwendolin,gscaddonps@webeden.co.uk,119.204.145.196
2931,Belsey, Rodi,rbelseypu@quantcast.com,162.118.167.199
2933,Perassi, Fax,fperassipw@hc360.com,245.188.49.158
2935,Peyto, Daryl,dpeytopy@ycombinator.com,3.227.242.40
2937,Duddle, Cinda,cduddleq0@skype.com,198.116.181.79
2939,McKenney, Alfonse,amckenneyq2@purevolume.com,184.99.6.226
2941,Whitta, Jason,jwhittaq4@blogspot.com,116.140.236.210
2943,Alywin, Ashton,aalywinq6@php.net,79.141.45.38
2945,Anstis, Kiah,kanstisq8@disqus.com,190.6.37.32
2947,Beagan, Roberta,rbeaganqa@zimbio.com,26.94.145.33
2949,Geeson, Welbie,wgeesonqc@naver.com,61.82.222.145
2951,Saylor, Constancia,csaylorqe@boston.com,192.47.188.49
2953,Gare, Del,dgareqg@biglobe.ne.jp,222.102.50.41
2955,Meus, Nanny,nmeusqi@google.com.hk,228.116.118.15
2957,Arnholtz, Ora,oarnholtzqk@mlb.com,251.204.159.146
2959,Gatus, Rooney,rgatusqm@amazon.com,187.129.232.10
2961,Gietz, Jeralee,jgietzqo@dyndns.org,24.46.39.2
2963,McHarry, Bing,bmcharryqq@hatena.ne.jp,212.104.236.40
2965,Leipelt, Evangelia,eleipeltqs@dedecms.com,23.15.131.209
2969,May, Tabb,tmayqw@tripod.com,191.130.47.115
2971,Bowmen, Louise,lbowmenqy@yelp.com,216.136.12.216
2973,Poad, Jesus,jpoadr0@behance.net,231.208.189.189
2975,Lawranson, Chlo,clawransonr2@google.com.au,172.181.13.172
2977,Martinson, Nerta,nmartinsonr4@yahoo.co.jp,84.160.77.225
2979,de Chastelain, Glory,gdechastelainr6@arstechnica.com,251.90.96.26
2981,Nagle, Dita,dnagler8@yolasite.com,216.180.76.196
2983,Denholm, Andie,adenholmra@etsy.com,214.55.52.184
2987,Warcup, Diane-marie,dwarcupre@jugem.jp,156.26.11.221
2989,Fearns, Goldie,gfearnsrg@marriott.com,132.138.17.111
2993,Yakovich, Alric,ayakovichrk@imageshack.us,94.6.227.113
2995,Water, L;urette,lwaterrm@meetup.com,91.95.21.246
2997,Hemshall, Kevon,khemshallro@cornell.edu,131.47.114.186
2999,Rebert, Derry,drebertrq@diigo.com,245.19.92.182
