1,Vesty, Melisse,mvesty0@narod.ru,163.121.157.161
3,O'Kane, Aurie,aokane2@simplemachines.org,15.72.207.183
5,Colthard, Thorny,tcolthard4@webmd.com,187.131.202.220
7,Wigan, Euell,ewigan6@tiny.cc,22.134.178.67
9,Peaple, Bren,bpeaple8@woothemes.com,181.139.233.75
11,Coode, Lanna,lcoodea@plala.or.jp,235.107.151.144
15,Bolt, Merle,mbolte@zdnet.com,64.34.243.100
17,Alchin, Edin,ealching@theguardian.com,180.141.147.235
19,Baison, Fitzgerald,fbaisoni@oracle.com,209.181.218.98
21,Purseglove, Hinda,hpurseglovek@google.ca,43.5.34.219
23,Dowall, Fergus,fdowallm@pinterest.com,203.114.228.233
27,Splaven, Gussi,gsplavenq@nationalgeographic.com,253.136.95.122
29,Lingner, Ritchie,rlingners@unesco.org,99.91.87.12
31,Mitton, Chrysa,cmittonu@tmall.com,31.50.39.191
33,Sheahan, Donni,dsheahanw@hc360.com,118.51.42.28
35,Dallewater, Barbi,bdallewatery@miitbeian.gov.cn,78.64.59.167
37,Hatter, Micki,mhatter10@tinypic.com,165.87.56.215
39,Tarbard, Keslie,ktarbard12@cbslocal.com,228.19.81.218
43,Montilla, Claudio,cmontilla16@google.ru,25.133.166.31
45,Andriveaux, Georges,gandriveaux18@vkontakte.ru,214.52.164.205
47,Hannaford, Adella,ahannaford1a@godaddy.com,12.6.183.10
49,Lamplough, Amandi,alamplough1c@comcast.net,163.81.62.112
51,Nannini, Frannie,fnannini1e@freewebs.com,167.75.72.4
53,Patriche, Keriann,kpatriche1g@google.fr,43.197.41.115
55,Littrick, Reilly,rlittrick1i@sciencedaily.com,235.15.233.242
61,Weal, Robby,rweal1o@homestead.com,187.204.205.68
63,Alen, Arron,aalen1q@go.com,22.22.229.219
65,Owbridge, Eziechiele,eowbridge1s@yandex.ru,9.73.186.185
67,Filipov, Dasya,dfilipov1u@si.edu,248.67.39.221
69,Chapellow, Lea,lchapellow1w@comsenz.com,108.103.85.251
71,Munns, Kippar,kmunns1y@usatoday.com,49.34.50.182
73,Degue, Hyman,hdegue20@e-recht24.de,91.113.61.242
75,Gallehock, Ruthann,rgallehock22@princeton.edu,77.26.255.60
77,Kezar, Rafaelia,rkezar24@cargocollective.com,136.211.173.141
79,Wonter, Alberto,awonter26@hhs.gov,139.247.255.67
81,Bamlett, Rosemarie,rbamlett28@chron.com,81.117.254.148
83,Gerg, Pattie,pgerg2a@bbb.org,144.241.41.239
85,Legister, Cecily,clegister2c@yandex.ru,67.222.133.242
87,Le Grand, Chaddy,clegrand2e@economist.com,119.46.254.152
91,Culleford, Grover,gculleford2i@wiley.com,249.159.213.151
93,Scyone, Marion,mscyone2k@clickbank.net,244.194.2.83
95,Pougher, Teri,tpougher2m@barnesandnoble.com,69.75.229.91
97,Moxom, Danica,dmoxom2o@4shared.com,249.220.198.171
99,Benneton, Collette,cbenneton2q@mozilla.org,157.162.221.48
